{
  "version": "15.0.0",
  "files": {
    "6182c8ff516139be9971caa63ae9761f33131bf7f570f1993a73b56929b4a082": {
      "source": {
        "path": "asset.6182c8ff516139be9971caa63ae9761f33131bf7f570f1993a73b56929b4a082.sh",
        "packaging": "file"
      },
      "destinations": {
        "current_account-current_region": {
          "bucketName": "cdk-hnb659fds-assets-${AWS::AccountId}-${AWS::Region}",
          "objectKey": "6182c8ff516139be9971caa63ae9761f33131bf7f570f1993a73b56929b4a082.sh",
          "assumeRoleArn": "arn:${AWS::Partition}:iam::${AWS::AccountId}:role/cdk-hnb659fds-file-publishing-role-${AWS::AccountId}-${AWS::Region}"
        }
      }
    },
    "6f9bc09261f330766680dababefc31b93dbd517846a5af200d00a32f96b89683": {
      "source": {
        "path": "awscdkproj.template.json",
        "packaging": "file"
      },
      "destinations": {
        "current_account-current_region": {
          "bucketName": "cdk-hnb659fds-assets-${AWS::AccountId}-${AWS::Region}",
          "objectKey": "6f9bc09261f330766680dababefc31b93dbd517846a5af200d00a32f96b89683.json",
          "assumeRoleArn": "arn:${AWS::Partition}:iam::${AWS::AccountId}:role/cdk-hnb659fds-file-publishing-role-${AWS::AccountId}-${AWS::Region}"
        }
      }
    }
  },
  "dockerImages": {}
}