{
  "version": "tree-0.1",
  "tree": {
    "id": "App",
    "path": "",
    "children": {
      "Tree": {
        "id": "Tree",
        "path": "Tree",
        "constructInfo": {
          "fqn": "constructs.Construct",
          "version": "10.0.12"
        }
      },
      "awscdkproj": {
        "id": "awscdkproj",
        "path": "awscdkproj",
        "children": {
          "VPC": {
            "id": "VPC",
            "path": "awscdkproj/VPC",
            "children": {
              "Resource": {
                "id": "Resource",
                "path": "awscdkproj/VPC/Resource",
                "attributes": {
                  "aws:cdk:cloudformation:type": "AWS::EC2::VPC",
                  "aws:cdk:cloudformation:props": {
                    "cidrBlock": "10.0.0.0/16",
                    "enableDnsHostnames": true,
                    "enableDnsSupport": true,
                    "instanceTenancy": "default",
                    "tags": [
                      {
                        "key": "Name",
                        "value": "awscdkproj/VPC"
                      }
                    ]
                  }
                },
                "constructInfo": {
                  "fqn": "aws-cdk-lib.aws_ec2.CfnVPC",
                  "version": "2.1.0"
                }
              },
              "publicSubnet1": {
                "id": "publicSubnet1",
                "path": "awscdkproj/VPC/publicSubnet1",
                "children": {
                  "Subnet": {
                    "id": "Subnet",
                    "path": "awscdkproj/VPC/publicSubnet1/Subnet",
                    "attributes": {
                      "aws:cdk:cloudformation:type": "AWS::EC2::Subnet",
                      "aws:cdk:cloudformation:props": {
                        "cidrBlock": "10.0.0.0/17",
                        "vpcId": {
                          "Ref": "VPCB9E5F0B4"
                        },
                        "availabilityZone": {
                          "Fn::Select": [
                            0,
                            {
                              "Fn::GetAZs": ""
                            }
                          ]
                        },
                        "mapPublicIpOnLaunch": true,
                        "tags": [
                          {
                            "key": "aws-cdk:subnet-name",
                            "value": "public"
                          },
                          {
                            "key": "aws-cdk:subnet-type",
                            "value": "Public"
                          },
                          {
                            "key": "Name",
                            "value": "awscdkproj/VPC/publicSubnet1"
                          }
                        ]
                      }
                    },
                    "constructInfo": {
                      "fqn": "aws-cdk-lib.aws_ec2.CfnSubnet",
                      "version": "2.1.0"
                    }
                  },
                  "Acl": {
                    "id": "Acl",
                    "path": "awscdkproj/VPC/publicSubnet1/Acl",
                    "constructInfo": {
                      "fqn": "aws-cdk-lib.Resource",
                      "version": "2.1.0"
                    }
                  },
                  "RouteTable": {
                    "id": "RouteTable",
                    "path": "awscdkproj/VPC/publicSubnet1/RouteTable",
                    "attributes": {
                      "aws:cdk:cloudformation:type": "AWS::EC2::RouteTable",
                      "aws:cdk:cloudformation:props": {
                        "vpcId": {
                          "Ref": "VPCB9E5F0B4"
                        },
                        "tags": [
                          {
                            "key": "Name",
                            "value": "awscdkproj/VPC/publicSubnet1"
                          }
                        ]
                      }
                    },
                    "constructInfo": {
                      "fqn": "aws-cdk-lib.aws_ec2.CfnRouteTable",
                      "version": "2.1.0"
                    }
                  },
                  "RouteTableAssociation": {
                    "id": "RouteTableAssociation",
                    "path": "awscdkproj/VPC/publicSubnet1/RouteTableAssociation",
                    "attributes": {
                      "aws:cdk:cloudformation:type": "AWS::EC2::SubnetRouteTableAssociation",
                      "aws:cdk:cloudformation:props": {
                        "routeTableId": {
                          "Ref": "VPCpublicSubnet1RouteTableF591E248"
                        },
                        "subnetId": {
                          "Ref": "VPCpublicSubnet1Subnet325F50B2"
                        }
                      }
                    },
                    "constructInfo": {
                      "fqn": "aws-cdk-lib.aws_ec2.CfnSubnetRouteTableAssociation",
                      "version": "2.1.0"
                    }
                  },
                  "DefaultRoute": {
                    "id": "DefaultRoute",
                    "path": "awscdkproj/VPC/publicSubnet1/DefaultRoute",
                    "attributes": {
                      "aws:cdk:cloudformation:type": "AWS::EC2::Route",
                      "aws:cdk:cloudformation:props": {
                        "routeTableId": {
                          "Ref": "VPCpublicSubnet1RouteTableF591E248"
                        },
                        "destinationCidrBlock": "0.0.0.0/0",
                        "gatewayId": {
                          "Ref": "VPCIGWB7E252D3"
                        }
                      }
                    },
                    "constructInfo": {
                      "fqn": "aws-cdk-lib.aws_ec2.CfnRoute",
                      "version": "2.1.0"
                    }
                  }
                },
                "constructInfo": {
                  "fqn": "aws-cdk-lib.aws_ec2.PublicSubnet",
                  "version": "2.1.0"
                }
              },
              "publicSubnet2": {
                "id": "publicSubnet2",
                "path": "awscdkproj/VPC/publicSubnet2",
                "children": {
                  "Subnet": {
                    "id": "Subnet",
                    "path": "awscdkproj/VPC/publicSubnet2/Subnet",
                    "attributes": {
                      "aws:cdk:cloudformation:type": "AWS::EC2::Subnet",
                      "aws:cdk:cloudformation:props": {
                        "cidrBlock": "10.0.128.0/17",
                        "vpcId": {
                          "Ref": "VPCB9E5F0B4"
                        },
                        "availabilityZone": {
                          "Fn::Select": [
                            1,
                            {
                              "Fn::GetAZs": ""
                            }
                          ]
                        },
                        "mapPublicIpOnLaunch": true,
                        "tags": [
                          {
                            "key": "aws-cdk:subnet-name",
                            "value": "public"
                          },
                          {
                            "key": "aws-cdk:subnet-type",
                            "value": "Public"
                          },
                          {
                            "key": "Name",
                            "value": "awscdkproj/VPC/publicSubnet2"
                          }
                        ]
                      }
                    },
                    "constructInfo": {
                      "fqn": "aws-cdk-lib.aws_ec2.CfnSubnet",
                      "version": "2.1.0"
                    }
                  },
                  "Acl": {
                    "id": "Acl",
                    "path": "awscdkproj/VPC/publicSubnet2/Acl",
                    "constructInfo": {
                      "fqn": "aws-cdk-lib.Resource",
                      "version": "2.1.0"
                    }
                  },
                  "RouteTable": {
                    "id": "RouteTable",
                    "path": "awscdkproj/VPC/publicSubnet2/RouteTable",
                    "attributes": {
                      "aws:cdk:cloudformation:type": "AWS::EC2::RouteTable",
                      "aws:cdk:cloudformation:props": {
                        "vpcId": {
                          "Ref": "VPCB9E5F0B4"
                        },
                        "tags": [
                          {
                            "key": "Name",
                            "value": "awscdkproj/VPC/publicSubnet2"
                          }
                        ]
                      }
                    },
                    "constructInfo": {
                      "fqn": "aws-cdk-lib.aws_ec2.CfnRouteTable",
                      "version": "2.1.0"
                    }
                  },
                  "RouteTableAssociation": {
                    "id": "RouteTableAssociation",
                    "path": "awscdkproj/VPC/publicSubnet2/RouteTableAssociation",
                    "attributes": {
                      "aws:cdk:cloudformation:type": "AWS::EC2::SubnetRouteTableAssociation",
                      "aws:cdk:cloudformation:props": {
                        "routeTableId": {
                          "Ref": "VPCpublicSubnet2RouteTable55DAB1BB"
                        },
                        "subnetId": {
                          "Ref": "VPCpublicSubnet2Subnet2B2DFF71"
                        }
                      }
                    },
                    "constructInfo": {
                      "fqn": "aws-cdk-lib.aws_ec2.CfnSubnetRouteTableAssociation",
                      "version": "2.1.0"
                    }
                  },
                  "DefaultRoute": {
                    "id": "DefaultRoute",
                    "path": "awscdkproj/VPC/publicSubnet2/DefaultRoute",
                    "attributes": {
                      "aws:cdk:cloudformation:type": "AWS::EC2::Route",
                      "aws:cdk:cloudformation:props": {
                        "routeTableId": {
                          "Ref": "VPCpublicSubnet2RouteTable55DAB1BB"
                        },
                        "destinationCidrBlock": "0.0.0.0/0",
                        "gatewayId": {
                          "Ref": "VPCIGWB7E252D3"
                        }
                      }
                    },
                    "constructInfo": {
                      "fqn": "aws-cdk-lib.aws_ec2.CfnRoute",
                      "version": "2.1.0"
                    }
                  }
                },
                "constructInfo": {
                  "fqn": "aws-cdk-lib.aws_ec2.PublicSubnet",
                  "version": "2.1.0"
                }
              },
              "IGW": {
                "id": "IGW",
                "path": "awscdkproj/VPC/IGW",
                "attributes": {
                  "aws:cdk:cloudformation:type": "AWS::EC2::InternetGateway",
                  "aws:cdk:cloudformation:props": {
                    "tags": [
                      {
                        "key": "Name",
                        "value": "awscdkproj/VPC"
                      }
                    ]
                  }
                },
                "constructInfo": {
                  "fqn": "aws-cdk-lib.aws_ec2.CfnInternetGateway",
                  "version": "2.1.0"
                }
              },
              "VPCGW": {
                "id": "VPCGW",
                "path": "awscdkproj/VPC/VPCGW",
                "attributes": {
                  "aws:cdk:cloudformation:type": "AWS::EC2::VPCGatewayAttachment",
                  "aws:cdk:cloudformation:props": {
                    "vpcId": {
                      "Ref": "VPCB9E5F0B4"
                    },
                    "internetGatewayId": {
                      "Ref": "VPCIGWB7E252D3"
                    }
                  }
                },
                "constructInfo": {
                  "fqn": "aws-cdk-lib.aws_ec2.CfnVPCGatewayAttachment",
                  "version": "2.1.0"
                }
              }
            },
            "constructInfo": {
              "fqn": "aws-cdk-lib.aws_ec2.Vpc",
              "version": "2.1.0"
            }
          },
          "sec-group-allow-ssh": {
            "id": "sec-group-allow-ssh",
            "path": "awscdkproj/sec-group-allow-ssh",
            "children": {
              "Resource": {
                "id": "Resource",
                "path": "awscdkproj/sec-group-allow-ssh/Resource",
                "attributes": {
                  "aws:cdk:cloudformation:type": "AWS::EC2::SecurityGroup",
                  "aws:cdk:cloudformation:props": {
                    "groupDescription": "awscdkproj/sec-group-allow-ssh",
                    "securityGroupEgress": [
                      {
                        "cidrIp": "0.0.0.0/0",
                        "description": "Allow all outbound traffic by default",
                        "ipProtocol": "-1"
                      }
                    ],
                    "securityGroupIngress": [
                      {
                        "cidrIp": "10.0.0.0/16",
                        "ipProtocol": "tcp",
                        "fromPort": 22,
                        "toPort": 22,
                        "description": "Allow SSH connection"
                      }
                    ],
                    "vpcId": {
                      "Ref": "VPCB9E5F0B4"
                    }
                  }
                },
                "constructInfo": {
                  "fqn": "aws-cdk-lib.aws_ec2.CfnSecurityGroup",
                  "version": "2.1.0"
                }
              }
            },
            "constructInfo": {
              "fqn": "aws-cdk-lib.aws_ec2.SecurityGroup",
              "version": "2.1.0"
            }
          },
          "InstanceSSM": {
            "id": "InstanceSSM",
            "path": "awscdkproj/InstanceSSM",
            "children": {
              "Resource": {
                "id": "Resource",
                "path": "awscdkproj/InstanceSSM/Resource",
                "attributes": {
                  "aws:cdk:cloudformation:type": "AWS::IAM::Role",
                  "aws:cdk:cloudformation:props": {
                    "assumeRolePolicyDocument": {
                      "Statement": [
                        {
                          "Action": "sts:AssumeRole",
                          "Effect": "Allow",
                          "Principal": {
                            "Service": {
                              "Fn::Join": [
                                "",
                                [
                                  "ec2.",
                                  {
                                    "Ref": "AWS::URLSuffix"
                                  }
                                ]
                              ]
                            }
                          }
                        }
                      ],
                      "Version": "2012-10-17"
                    },
                    "managedPolicyArns": [
                      {
                        "Fn::Join": [
                          "",
                          [
                            "arn:",
                            {
                              "Ref": "AWS::Partition"
                            },
                            ":iam::aws:policy/AmazonSSMManagedInstanceCore"
                          ]
                        ]
                      }
                    ]
                  }
                },
                "constructInfo": {
                  "fqn": "aws-cdk-lib.aws_iam.CfnRole",
                  "version": "2.1.0"
                }
              },
              "DefaultPolicy": {
                "id": "DefaultPolicy",
                "path": "awscdkproj/InstanceSSM/DefaultPolicy",
                "children": {
                  "Resource": {
                    "id": "Resource",
                    "path": "awscdkproj/InstanceSSM/DefaultPolicy/Resource",
                    "attributes": {
                      "aws:cdk:cloudformation:type": "AWS::IAM::Policy",
                      "aws:cdk:cloudformation:props": {
                        "policyDocument": {
                          "Statement": [
                            {
                              "Action": [
                                "s3:GetObject*",
                                "s3:GetBucket*",
                                "s3:List*"
                              ],
                              "Effect": "Allow",
                              "Resource": [
                                {
                                  "Fn::Join": [
                                    "",
                                    [
                                      "arn:",
                                      {
                                        "Ref": "AWS::Partition"
                                      },
                                      ":s3:::",
                                      {
                                        "Fn::Sub": "cdk-hnb659fds-assets-${AWS::AccountId}-${AWS::Region}"
                                      }
                                    ]
                                  ]
                                },
                                {
                                  "Fn::Join": [
                                    "",
                                    [
                                      "arn:",
                                      {
                                        "Ref": "AWS::Partition"
                                      },
                                      ":s3:::",
                                      {
                                        "Fn::Sub": "cdk-hnb659fds-assets-${AWS::AccountId}-${AWS::Region}"
                                      },
                                      "/*"
                                    ]
                                  ]
                                }
                              ]
                            }
                          ],
                          "Version": "2012-10-17"
                        },
                        "policyName": "InstanceSSMDefaultPolicy6E4EFE93",
                        "roles": [
                          {
                            "Ref": "InstanceSSMCBFA3CF0"
                          }
                        ]
                      }
                    },
                    "constructInfo": {
                      "fqn": "aws-cdk-lib.aws_iam.CfnPolicy",
                      "version": "2.1.0"
                    }
                  }
                },
                "constructInfo": {
                  "fqn": "aws-cdk-lib.aws_iam.Policy",
                  "version": "2.1.0"
                }
              }
            },
            "constructInfo": {
              "fqn": "aws-cdk-lib.aws_iam.Role",
              "version": "2.1.0"
            }
          },
          "Instance": {
            "id": "Instance",
            "path": "awscdkproj/Instance",
            "children": {
              "InstanceProfile": {
                "id": "InstanceProfile",
                "path": "awscdkproj/Instance/InstanceProfile",
                "attributes": {
                  "aws:cdk:cloudformation:type": "AWS::IAM::InstanceProfile",
                  "aws:cdk:cloudformation:props": {
                    "roles": [
                      {
                        "Ref": "InstanceSSMCBFA3CF0"
                      }
                    ]
                  }
                },
                "constructInfo": {
                  "fqn": "aws-cdk-lib.aws_iam.CfnInstanceProfile",
                  "version": "2.1.0"
                }
              },
              "Resource": {
                "id": "Resource",
                "path": "awscdkproj/Instance/Resource",
                "attributes": {
                  "aws:cdk:cloudformation:type": "AWS::EC2::Instance",
                  "aws:cdk:cloudformation:props": {
                    "availabilityZone": {
                      "Fn::Select": [
                        0,
                        {
                          "Fn::GetAZs": ""
                        }
                      ]
                    },
                    "iamInstanceProfile": {
                      "Ref": "InstanceInstanceProfileAB5AEF02"
                    },
                    "imageId": {
                      "Ref": "SsmParameterValueawsserviceamiamazonlinuxlatestamzn2amihvmx8664gp2C96584B6F00A464EAD1953AFF4B05118Parameter"
                    },
                    "instanceType": "t2.micro",
                    "securityGroupIds": [
                      {
                        "Fn::GetAtt": [
                          "secgroupallowsshEC776E36",
                          "GroupId"
                        ]
                      }
                    ],
                    "subnetId": {
                      "Ref": "VPCpublicSubnet1Subnet325F50B2"
                    },
                    "tags": [
                      {
                        "key": "Name",
                        "value": "awscdkproj/Instance"
                      }
                    ],
                    "userData": {
                      "Fn::Base64": {
                        "Fn::Join": [
                          "",
                          [
                            "#!/bin/bash\nmkdir -p $(dirname '/tmp/6182c8ff516139be9971caa63ae9761f33131bf7f570f1993a73b56929b4a082.sh')\naws s3 cp 's3://",
                            {
                              "Fn::Sub": "cdk-hnb659fds-assets-${AWS::AccountId}-${AWS::Region}"
                            },
                            "/6182c8ff516139be9971caa63ae9761f33131bf7f570f1993a73b56929b4a082.sh' '/tmp/6182c8ff516139be9971caa63ae9761f33131bf7f570f1993a73b56929b4a082.sh'\nset -e\nchmod +x '/tmp/6182c8ff516139be9971caa63ae9761f33131bf7f570f1993a73b56929b4a082.sh'\n'/tmp/6182c8ff516139be9971caa63ae9761f33131bf7f570f1993a73b56929b4a082.sh'"
                          ]
                        ]
                      }
                    }
                  }
                },
                "constructInfo": {
                  "fqn": "aws-cdk-lib.aws_ec2.CfnInstance",
                  "version": "2.1.0"
                }
              }
            },
            "constructInfo": {
              "fqn": "aws-cdk-lib.aws_ec2.Instance",
              "version": "2.1.0"
            }
          },
          "SsmParameterValue:--aws--service--ami-amazon-linux-latest--amzn2-ami-hvm-x86_64-gp2:C96584B6-F00A-464E-AD19-53AFF4B05118.Parameter": {
            "id": "SsmParameterValue:--aws--service--ami-amazon-linux-latest--amzn2-ami-hvm-x86_64-gp2:C96584B6-F00A-464E-AD19-53AFF4B05118.Parameter",
            "path": "awscdkproj/SsmParameterValue:--aws--service--ami-amazon-linux-latest--amzn2-ami-hvm-x86_64-gp2:C96584B6-F00A-464E-AD19-53AFF4B05118.Parameter",
            "constructInfo": {
              "fqn": "aws-cdk-lib.CfnParameter",
              "version": "2.1.0"
            }
          },
          "SsmParameterValue:--aws--service--ami-amazon-linux-latest--amzn2-ami-hvm-x86_64-gp2:C96584B6-F00A-464E-AD19-53AFF4B05118": {
            "id": "SsmParameterValue:--aws--service--ami-amazon-linux-latest--amzn2-ami-hvm-x86_64-gp2:C96584B6-F00A-464E-AD19-53AFF4B05118",
            "path": "awscdkproj/SsmParameterValue:--aws--service--ami-amazon-linux-latest--amzn2-ami-hvm-x86_64-gp2:C96584B6-F00A-464E-AD19-53AFF4B05118",
            "constructInfo": {
              "fqn": "aws-cdk-lib.Resource",
              "version": "2.1.0"
            }
          },
          "userdata-al2": {
            "id": "userdata-al2",
            "path": "awscdkproj/userdata-al2",
            "children": {
              "Stage": {
                "id": "Stage",
                "path": "awscdkproj/userdata-al2/Stage",
                "constructInfo": {
                  "fqn": "aws-cdk-lib.AssetStaging",
                  "version": "2.1.0"
                }
              },
              "AssetBucket": {
                "id": "AssetBucket",
                "path": "awscdkproj/userdata-al2/AssetBucket",
                "children": {
                  "Notifications": {
                    "id": "Notifications",
                    "path": "awscdkproj/userdata-al2/AssetBucket/Notifications",
                    "constructInfo": {
                      "fqn": "constructs.Construct",
                      "version": "10.0.12"
                    }
                  }
                },
                "constructInfo": {
                  "fqn": "aws-cdk-lib.aws_s3.BucketBase",
                  "version": "2.1.0"
                }
              }
            },
            "constructInfo": {
              "fqn": "aws-cdk-lib.aws_s3_assets.Asset",
              "version": "2.1.0"
            }
          },
          "MyDashboard": {
            "id": "MyDashboard",
            "path": "awscdkproj/MyDashboard",
            "children": {
              "Resource": {
                "id": "Resource",
                "path": "awscdkproj/MyDashboard/Resource",
                "attributes": {
                  "aws:cdk:cloudformation:type": "AWS::CloudWatch::Dashboard",
                  "aws:cdk:cloudformation:props": {
                    "dashboardBody": "{\"start\":\"start\",\"end\":\"end\",\"periodOverride\":\"auto\",\"widgets\":[]}",
                    "dashboardName": "dashboardName"
                  }
                },
                "constructInfo": {
                  "fqn": "aws-cdk-lib.aws_cloudwatch.CfnDashboard",
                  "version": "2.1.0"
                }
              }
            },
            "constructInfo": {
              "fqn": "aws-cdk-lib.aws_cloudwatch.Dashboard",
              "version": "2.1.0"
            }
          },
          "CloudTrail": {
            "id": "CloudTrail",
            "path": "awscdkproj/CloudTrail",
            "children": {
              "S3": {
                "id": "S3",
                "path": "awscdkproj/CloudTrail/S3",
                "children": {
                  "Notifications": {
                    "id": "Notifications",
                    "path": "awscdkproj/CloudTrail/S3/Notifications",
                    "constructInfo": {
                      "fqn": "constructs.Construct",
                      "version": "10.0.12"
                    }
                  },
                  "Resource": {
                    "id": "Resource",
                    "path": "awscdkproj/CloudTrail/S3/Resource",
                    "attributes": {
                      "aws:cdk:cloudformation:type": "AWS::S3::Bucket",
                      "aws:cdk:cloudformation:props": {}
                    },
                    "constructInfo": {
                      "fqn": "aws-cdk-lib.aws_s3.CfnBucket",
                      "version": "2.1.0"
                    }
                  },
                  "Policy": {
                    "id": "Policy",
                    "path": "awscdkproj/CloudTrail/S3/Policy",
                    "children": {
                      "Resource": {
                        "id": "Resource",
                        "path": "awscdkproj/CloudTrail/S3/Policy/Resource",
                        "attributes": {
                          "aws:cdk:cloudformation:type": "AWS::S3::BucketPolicy",
                          "aws:cdk:cloudformation:props": {
                            "bucket": {
                              "Ref": "CloudTrailS310CD22F2"
                            },
                            "policyDocument": {
                              "Statement": [
                                {
                                  "Action": "s3:GetBucketAcl",
                                  "Effect": "Allow",
                                  "Principal": {
                                    "Service": "cloudtrail.amazonaws.com"
                                  },
                                  "Resource": {
                                    "Fn::GetAtt": [
                                      "CloudTrailS310CD22F2",
                                      "Arn"
                                    ]
                                  }
                                },
                                {
                                  "Action": "s3:PutObject",
                                  "Condition": {
                                    "StringEquals": {
                                      "s3:x-amz-acl": "bucket-owner-full-control"
                                    }
                                  },
                                  "Effect": "Allow",
                                  "Principal": {
                                    "Service": "cloudtrail.amazonaws.com"
                                  },
                                  "Resource": {
                                    "Fn::Join": [
                                      "",
                                      [
                                        {
                                          "Fn::GetAtt": [
                                            "CloudTrailS310CD22F2",
                                            "Arn"
                                          ]
                                        },
                                        "/AWSLogs/",
                                        {
                                          "Ref": "AWS::AccountId"
                                        },
                                        "/*"
                                      ]
                                    ]
                                  }
                                }
                              ],
                              "Version": "2012-10-17"
                            }
                          }
                        },
                        "constructInfo": {
                          "fqn": "aws-cdk-lib.aws_s3.CfnBucketPolicy",
                          "version": "2.1.0"
                        }
                      }
                    },
                    "constructInfo": {
                      "fqn": "aws-cdk-lib.aws_s3.BucketPolicy",
                      "version": "2.1.0"
                    }
                  }
                },
                "constructInfo": {
                  "fqn": "aws-cdk-lib.aws_s3.Bucket",
                  "version": "2.1.0"
                }
              },
              "LogGroup": {
                "id": "LogGroup",
                "path": "awscdkproj/CloudTrail/LogGroup",
                "children": {
                  "Resource": {
                    "id": "Resource",
                    "path": "awscdkproj/CloudTrail/LogGroup/Resource",
                    "attributes": {
                      "aws:cdk:cloudformation:type": "AWS::Logs::LogGroup",
                      "aws:cdk:cloudformation:props": {
                        "retentionInDays": 365
                      }
                    },
                    "constructInfo": {
                      "fqn": "aws-cdk-lib.aws_logs.CfnLogGroup",
                      "version": "2.1.0"
                    }
                  }
                },
                "constructInfo": {
                  "fqn": "aws-cdk-lib.aws_logs.LogGroup",
                  "version": "2.1.0"
                }
              },
              "LogsRole": {
                "id": "LogsRole",
                "path": "awscdkproj/CloudTrail/LogsRole",
                "children": {
                  "Resource": {
                    "id": "Resource",
                    "path": "awscdkproj/CloudTrail/LogsRole/Resource",
                    "attributes": {
                      "aws:cdk:cloudformation:type": "AWS::IAM::Role",
                      "aws:cdk:cloudformation:props": {
                        "assumeRolePolicyDocument": {
                          "Statement": [
                            {
                              "Action": "sts:AssumeRole",
                              "Effect": "Allow",
                              "Principal": {
                                "Service": "cloudtrail.amazonaws.com"
                              }
                            }
                          ],
                          "Version": "2012-10-17"
                        }
                      }
                    },
                    "constructInfo": {
                      "fqn": "aws-cdk-lib.aws_iam.CfnRole",
                      "version": "2.1.0"
                    }
                  },
                  "DefaultPolicy": {
                    "id": "DefaultPolicy",
                    "path": "awscdkproj/CloudTrail/LogsRole/DefaultPolicy",
                    "children": {
                      "Resource": {
                        "id": "Resource",
                        "path": "awscdkproj/CloudTrail/LogsRole/DefaultPolicy/Resource",
                        "attributes": {
                          "aws:cdk:cloudformation:type": "AWS::IAM::Policy",
                          "aws:cdk:cloudformation:props": {
                            "policyDocument": {
                              "Statement": [
                                {
                                  "Action": [
                                    "logs:PutLogEvents",
                                    "logs:CreateLogStream"
                                  ],
                                  "Effect": "Allow",
                                  "Resource": {
                                    "Fn::GetAtt": [
                                      "CloudTrailLogGroup2F0A1829",
                                      "Arn"
                                    ]
                                  }
                                }
                              ],
                              "Version": "2012-10-17"
                            },
                            "policyName": "CloudTrailLogsRoleDefaultPolicyD9019B15",
                            "roles": [
                              {
                                "Ref": "CloudTrailLogsRole9F6E6663"
                              }
                            ]
                          }
                        },
                        "constructInfo": {
                          "fqn": "aws-cdk-lib.aws_iam.CfnPolicy",
                          "version": "2.1.0"
                        }
                      }
                    },
                    "constructInfo": {
                      "fqn": "aws-cdk-lib.aws_iam.Policy",
                      "version": "2.1.0"
                    }
                  }
                },
                "constructInfo": {
                  "fqn": "aws-cdk-lib.aws_iam.Role",
                  "version": "2.1.0"
                }
              },
              "Resource": {
                "id": "Resource",
                "path": "awscdkproj/CloudTrail/Resource",
                "attributes": {
                  "aws:cdk:cloudformation:type": "AWS::CloudTrail::Trail",
                  "aws:cdk:cloudformation:props": {
                    "isLogging": true,
                    "s3BucketName": {
                      "Ref": "CloudTrailS310CD22F2"
                    },
                    "cloudWatchLogsLogGroupArn": {
                      "Fn::GetAtt": [
                        "CloudTrailLogGroup2F0A1829",
                        "Arn"
                      ]
                    },
                    "cloudWatchLogsRoleArn": {
                      "Fn::GetAtt": [
                        "CloudTrailLogsRole9F6E6663",
                        "Arn"
                      ]
                    },
                    "enableLogFileValidation": true,
                    "eventSelectors": [],
                    "includeGlobalServiceEvents": true,
                    "isMultiRegionTrail": true
                  }
                },
                "constructInfo": {
                  "fqn": "aws-cdk-lib.aws_cloudtrail.CfnTrail",
                  "version": "2.1.0"
                }
              }
            },
            "constructInfo": {
              "fqn": "aws-cdk-lib.aws_cloudtrail.Trail",
              "version": "2.1.0"
            }
          },
          "CDKMetadata": {
            "id": "CDKMetadata",
            "path": "awscdkproj/CDKMetadata",
            "children": {
              "Default": {
                "id": "Default",
                "path": "awscdkproj/CDKMetadata/Default",
                "constructInfo": {
                  "fqn": "aws-cdk-lib.CfnResource",
                  "version": "2.1.0"
                }
              },
              "Condition": {
                "id": "Condition",
                "path": "awscdkproj/CDKMetadata/Condition",
                "constructInfo": {
                  "fqn": "aws-cdk-lib.CfnCondition",
                  "version": "2.1.0"
                }
              }
            },
            "constructInfo": {
              "fqn": "constructs.Construct",
              "version": "10.0.12"
            }
          }
        },
        "constructInfo": {
          "fqn": "aws-cdk-lib.Stack",
          "version": "2.1.0"
        }
      }
    },
    "constructInfo": {
      "fqn": "aws-cdk-lib.App",
      "version": "2.1.0"
    }
  }
}