{
  "app": "python app.py",
  "watch": {
    "include": [
      "**"
    ],
    "exclude": [
      "README.md",
      "cdk*.json",
      "requirements*.txt",
      "source.bat",
      "**/__init__.py",
      "python/__pycache__",
      "tests"
    ]
  },
  "context": {
    "@aws-cdk/aws-apigateway:usagePlanKeyOrderInsensitiveId": true,
    "@aws-cdk/core:stackRelativeExports": true,
    "@aws-cdk/aws-rds:lowercaseDbIdentifier": true,
    "@aws-cdk/aws-lambda:recognizeVersionProps": true,
    "@aws-cdk/aws-cloudfront:defaultSecurityPolicyTLSv1.2_2021": true
  }
}
